id,radius_mean,texture_mean,perimeter_mean,area_mean,smoothness_mean,compactness_mean,concavity_mean,concave points_mean,symmetry_mean,fractal_dimension_mean,radius_se,texture_se,perimeter_se,area_se,smoothness_se,compactness_se,concavity_se,concave points_se,symmetry_se,fractal_dimension_se,radius_worst,texture_worst,perimeter_worst,area_worst,smoothness_worst,compactness_worst,concavity_worst,concave points_worst,symmetry_worst,fractal_dimension_worst
844981,13,21.82,87.5,519.8,0.1273,0.1932,0.1859,0.09353,0.235,0.07389,0.3063,1.002,2.406,24.32,0.005731,0.03502,0.03553,0.01226,0.02143,0.003749,15.49,30.73,106.2,739.3,0.1703,0.5401,0.539,0.206,0.4378,0.1072
85713702,8.196,16.84,51.71,201.9,0.086,0.05943,0.01588,0.005917,0.1769,0.06503,0.1563,0.9567,1.094,8.205,0.008968,0.01646,0.01588,0.005917,0.02574,0.002582,8.964,21.96,57.26,242.2,0.1297,0.1357,0.0688,0.02564,0.3105,0.07409
85715,13.17,18.66,85.98,534.6,0.1158,0.1231,0.1226,0.0734,0.2128,0.06777,0.2871,0.8937,1.897,24.25,0.006532,0.02336,0.02905,0.01215,0.01743,0.003643,15.67,27.95,102.8,759.4,0.1786,0.4166,0.5006,0.2088,0.39,0.1179
859196,9.173,13.86,59.2,260.9,0.07721,0.08751,0.05988,0.0218,0.2341,0.06963,0.4098,2.265,2.608,23.52,0.008738,0.03938,0.04312,0.0156,0.04192,0.005822,10.01,19.23,65.59,310.1,0.09836,0.1678,0.1397,0.05087,0.3282,0.0849
86355,22.27,19.67,152.8,1509,0.1326,0.2768,0.4264,0.1823,0.2556,0.07039,1.215,1.545,10.05,170,0.006515,0.08668,0.104,0.0248,0.03112,0.005037,28.4,28.01,206.8,2360,0.1701,0.6997,0.9608,0.291,0.4055,0.09789
92751,7.76,24.54,47.92,181,0.05263,0.04362,0,0,0.1587,0.05884,0.3857,1.428,2.548,19.15,0.007189,0.00466,0,0,0.02676,0.002783,9.456,30.37,59.16,268.6,0.08996,0.06444,0,0,0.2871,0.07039
